Name,Wikidata_ID,Geonames_ID,Country_Code,Latitude,Longitude
Vesoul,Q203309,2969562,FR,47.622222222222,6.1552777777778
Anin,Q9154799,776679,PL,52.218093,21.165601
Oak Park,Q331397,4904381,US,41.888333333333335,-87.78944444444444
Osse,Q7107421,3089797,PL,51.93333333,19.55
Bolshiye Gorki,Q3286190,559862,RU,55.5047,37.7664
Iwano-Frankiwsk,Q156726,707471,UA,48.922777777778,24.710555555556
Golgota,Q170516,8335062,IL,31.778611111111,35.229444444444
Nowy Bogumin,Q3487881,3069382,CZ,49.90361111,18.35777778
Trowbridge,Q265647,2635427,GB,51.32,-2.207
Kalisz,Q52842,3096880,PL,51.757,18.083
Świętochłowice,Q45197,3083988,PL,50.316666666667,18.916666666667
Gubernia kijowska,Q1437277,703446,UA,50.45,30.523611
Protivín,Q1017045,3067395,CZ,49.199569401436,14.21719630313
Løten,Q488951,3146896,NO,60.825277777778,11.390833333333
Pernay,Q1170939,6433080,FR,47.443611111111,0.49944444444444
Neuchâtel,Q69345,2659496,CH,46.990277777778,6.9305555555556
Łomża,Q215633,766027,PL,53.18333333333333,22.083333333333332
Kowalewko-Folwark,Q6434952,3094967,PL,53.088888888889,17.480833333333
Arad,Q173591,8305599,RO,46.166666666667,21.316666666667
Staszów,Q324892,758252,PL,50.560555555556,21.166666666667
Gijón,Q12273,6359929,ES,43.52931,-5.67732
Baszarri,Q181167,276359,LB,34.251201,36.012314
Otwock,Q745059,762788,PL,52.116666666667,21.266666666667
Ostrowiec Świętokrzyski,Q730929,762863,PL,50.933333333333,21.4
Taganrog,Q170513,484907,RU,47.233333333333,38.9
Rakszawa,Q7286797,760632,PL,50.15,22.25
Bar,Q737925,712861,UA,49.078055555556,27.683055555556
Wrocław,Q1799,7531292,PL,51.11,17.0325
Fort Myers,Q506451,4155995,US,26.616666666667,-81.833333333333
Bresles,Q690996,6438592,FR,49.410277777778,2.2508333333333
Rochester,Q49218,5134086,US,43.165555555556,-77.611388888889
Unkel,Q498589,6557876,DE,50.600833333333,7.215
Nowy Wiśnicz,Q1011553,7533263,PL,49.915,20.451
Helsinki,Q1757,658225,FI,60.17556,24.93417
Palo Alto,Q47265,5380748,US,37.429166666667,-122.13805555556
Paryż,Q90,2968815,FR,48.856944444444,2.3513888888889
Przerów,Q470380,3067580,CZ,49.455555555556,17.451111111111
Cianowice Duże,Q1998277,3101450,PL,50.20417,19.88028
Tybinga,Q3806,6559169,DE,48.52,9.0555555555556
Niżny Nowogród,Q891,520555,RU,56.326944444444,44.0075
Rožmitál pod Třemšínem,Q2092257,3066659,CZ,49.602046222311,13.864345146533
Kostelec na Hané,Q1785187,3073147,CZ,49.513994854353,17.058271522734
Krasnojarsk,Q919,1502026,RU,56.00888888888889,92.87194444444444
Wolica Kierekieszyna,Q4123176,689239,UA,49.818333333333,27.110833333333
Humpolec,Q1000060,3074723,CZ,49.541577778709,15.359357331212
Savannah,Q83813,4221552,US,32.050833333333,-81.103888888889
Obrocz,Q7075355,763459,PL,50.6,23.03333333
Berdyczów,Q158799,712441,UA,49.891944444444,28.6
Worcestershire,Q23135,2633560,GB,52.2,-2.1666666666667
Wielopole Skrzyńskie,Q670095,755855,PL,49.95,21.6167
Badenweiler,Q25430,6555731,DE,47.801666666667,7.6719444444444
Hradec Králové,Q180139,3074967,CZ,50.209166666667,15.831944444444
Dayton,Q34739,4509884,US,39.766666666667,-84.2
Winchester,Q492355,4794120,US,39.1783,-78.1667
Reichenbach im Vogtland,Q46849,6559268,DE,50.616666666667,12.3
Łask,Q324897,3093902,PL,51.5924175,19.1331592
Choceň,Q1019936,3077725,CZ,50.00163914968,16.223087674169
Hranice,Q638306,3074893,CZ,49.547963974257,17.734723291716
Mastník,Q166045,3070933,CZ,49.180237677141,15.827846867472
Vnorovy,Q605873,3062658,CZ,48.930975077134,17.350499454804
New Haven,Q49145,4839366,US,41.308333333333,-72.925
Tomaszów Mazowiecki,Q157994,756867,PL,51.531388888889,20.008888888889
Slednevo,Q558263,813870,RU,55.114722222222,33.072777777778
Smoleńsk,Q2337,491687,RU,54.782777777778,32.045277777778
Kałęczew,Q732359,7531130,PL,51.9277,19.7847
Krasiłów,Q1020096,704492,UA,49.65,26.966666666667
Monachium,Q1726,6559171,DE,48.1375,11.575
Morawska Ostrawa,Q3524703,3068799,CZ,49.8418,18.2916
Stará Říše,Q2241230,3065390,CZ,49.179601800552,15.594783384778
Antony,Q205592,6452604,FR,48.753333333333,2.2966666666667
Glion,Q688497,2660581,CH,46.432777777778,6.9258333333333
Neumarkt in der Oberpfalz,Q14887,6558950,DE,49.283333333333,11.466666666667
Gouldsboro,Q5562056,5191523,US,41.2444,-75.4558
Drohobycz (Getto),Q5308221,709611,UA,49.35,23.5
Tel Awiw-Jafa,Q33935,293397,IL,32.08,34.78
Dniepr,Q48256,709930,UA,48.45,34.983333333333
Bayerisch Gmain,Q263586,6556111,DE,47.719444444444,12.896666666667
Żurawica,Q1989523,753056,PL,49.81667,22.78333
Ekely,Q1978692,9609462,NO,59.929192,10.670289
Kalinowka (rejon chomutowski),Q957273,554133,RU,51.9,34.5
Elsene,Q208713,2795011,BE,50.83305555555555,4.366944444444444
Eastbourne,Q208262,2650497,GB,50.766389,0.286111
Hanower,Q1715,6559065,DE,52.374444444444,9.7386111111111
Belgrad,Q3711,792680,RS,44.816666666667,20.466666666667
Hiszpania,Q29,2510769,ES,40.2,-3.5
Frydek-Mistek,Q48194,3076127,CZ,49.688055555556,18.353611111111
Hodonín,Q321778,3075654,CZ,48.848950584361,17.132439069118
Włocławek,Q106681,3081741,PL,52.65,19.05
Pajuostis (gmina Velžys),Q16468288,596329,LT,55.739,24.431
Hořany,Q1632190,3075529,CZ,50.097672087571,14.945861613126
Drozdowo,Q2181704,772950,PL,53.152222,22.173056
Zagórz,Q1946049,754195,PL,49.516666666667,22.266666666667
Zamek Lány,Q3508708,3072325,CZ,50.12395556,13.956325
Świątniki,Q8082300,3084110,PL,52.5167,18.95
Alès,Q193183,6455357,FR,44.127222222222,4.0808333333333
Lysá nad Labem,Q1018859,3071304,CZ,50.201496776686,14.832888718706
Žatec,Q393426,3061822,CZ,50.327264913574,13.545859487384
Addenbrooke's Hospital,Q130282,6289246,GB,52.176,0.14
Hrádeček,Q1632618,11925619,CZ,50.58472222,15.8275
Katowice,Q588,3096472,PL,50.25,19.0
Kopenhaga,Q1748,2618425,DK,55.676111111111,12.568888888889
Kayseri,Q48338,308464,TR,38.7225,35.4875
Kazimierz Dolny,Q774098,769345,PL,51.322222222222,21.9475
Auschwitz-Birkenau,Q7341,3089658,PL,50.0262,19.2041
Olsztyn,Q82765,763166,PL,53.78,20.494166666667
Vojnův Městec,Q1948479,3062616,CZ,49.679497559612,15.878329128124
Los Angeles,Q65,5368361,US,34.05223,-118.24368
Nowoczerkask,Q175452,518970,RU,47.422222222222,40.093888888889
Frýdlant,Q986077,3076124,CZ,50.921451823669,15.079858729413
Marsylia,Q23482,2995469,FR,43.296666666667,5.3763888888889
Kielce,Q102317,769250,PL,50.8725,20.631944444444
Porterdale,Q1855733,4217100,US,33.5697,-83.8981
Nyeri,Q380130,182701,KE,-0.41666666666667,36.95
Lublana,Q437,3196359,SI,46.05,14.516666666667
Pietrowiczi,Q1010621,510124,RU,53.976388888889,32.162777777778
Karniów,Q1789604,3072656,CZ,50.089666916291,17.703908920138
Skierbieszów,Q1932465,759127,PL,50.851666666667,23.365277777778
Głogowiec,Q3124619,3099206,PL,52.027222,18.933611
Kuntsevo Dacha,Q4088132,9883031,RU,55.72433611,37.48534444
Barmen,Q153974,2952539,DE,51.266666666667,7.2
Gubernia czernihowska,Q545958,710736,UA,51.5,31.3
Královo Pole,Q599929,3072934,CZ,49.22555555555556,16.59611111111111
Königstein im Taunus,Q569661,2885760,DE,50.183125,8.463541666666666
Kenley,Q6389431,2645821,GB,51.3242,-0.0969
Lebiedian´,Q157447,536518,RU,53.011552777778,39.128116666667
Konstancin-Jeziorna,Q985687,768216,PL,52.083333333333,21.116666666667
Habrkovice,Q12018824,3076062,CZ,50.0,15.3783
Hýskov,Q1652713,3074621,CZ,49.990809436085,14.050611824636
Birkdale,Q764412,2637343,GB,53.6325,-3.0192
Opawa,Q156080,3068927,CZ,49.938055555556,17.904444444444
Brno,Q14960,3078610,CZ,49.195277777778,16.608333333333
Halifax,Q826561,2647632,GB,53.725,-1.863
Wołkowysk,Q739491,620391,BY,53.166666666667,24.466666666667
Skarżysko-Kamienna,Q644002,759141,PL,51.116666666667,20.916666666667
Kośmin,Q6435636,768024,PL,51.5833,22.0
Fontainebleau,Q182872,6443660,FR,48.408888888889,2.7016666666667
Saint-Germain-en-Laye,Q185075,2979783,FR,48.896388888889,2.0905555555556
Porcjunkula,Q510041,3167559,IT,43.058196,12.580268
Skarbanowo,Q7533963,3085841,PL,52.41666667,18.81666667
Wola Mielecka,Q2691984,755215,PL,50.28333,21.36667
Deggendorf,Q16083,6558236,DE,48.835277777778,12.964444444444
Menlo Park,Q74195,5372223,US,37.454166666667,-122.17861111111
Ávila,Q15688,6355632,ES,40.654347222222,-4.6962222222222
Neuruppin,Q16085,6550636,DE,52.922222222222,12.8
Egipt,Q79,357994,EG,27.0,29.0
Rzochów,Q786764,759721,PL,50.25,21.48333333
Ostrów,Q4338781,698183,UA,50.393888888889,24.169722222222
Šumperk,Q392692,3064673,CZ,49.965299915762,16.9706654352
Czeski Cieszyn,Q278877,3077882,CZ,49.746110801139,18.62617038595
Zakopane,Q144786,3080866,PL,49.299444444444,19.951944444444
Aleksandrów Kujawski,Q325124,3104133,PL,52.875,18.7
Ostrołęka,Q461287,762909,PL,53.083333333333336,21.566666666666666
Andes,Q3472275,5107174,US,42.1886,-74.7858
Żytomierz,Q156713,686967,UA,50.254444444444,28.657777777778
Capolona,Q52068,6543013,IT,43.567777777778,11.864722222222
Schwarmstedt,Q664377,6552778,DE,52.68,9.6254
St John's Wood,Q2153758,2638768,GB,51.5361,-0.1751
Cambridge,Q350,2653941,GB,52.208055555556,0.1225
Genua,Q1449,6542282,IT,44.407186111111,8.9339833333333
Pieczersk,Q1291708,511839,RU,54.853055555556,32.031388888889
Tambow,Q3544,484646,RU,52.716666666667,41.433333333333
11. dzielnica Paryża,Q169293,2986082,FR,48.858677777778,2.3793055555556
Bazylea,Q78,7285161,CH,47.560555555556,7.5905555555556
Beverly Hills,Q127856,5328041,US,34.073055555556,-118.39944444444
Zgorzelec,Q147929,3080231,PL,51.152777777778,15.0
Lochovice,Q1867461,3071645,CZ,49.853267849659,13.981323319813
Weimar,Q3955,2812479,DE,50.983333333333,11.316666666667
Debreczyn,Q79880,721472,HU,47.53,21.639166666667
Suchdol nad Lužnicí,Q2305015,3064742,CZ,48.893401070196,14.876960231353
Teheran,Q3616,112931,IR,35.7,51.416666666667
Brisbane,Q34932,2174003,AU,-27.467777777778,153.02777777778
Ottawa,Q1930,6094817,CA,45.424722222222,-75.695
Vysoké Mýto,Q999916,3062214,CZ,49.953240035812,16.161752006464
Brinkworth,Q4577318,2654682,GB,51.5594,-1.9797805555556
Młociny,Q25415989,764625,PL,52.311336111111,20.920458333333
Stanford,Q173813,5398563,US,37.424109,-122.166079
Gia Định,Q2681546,1566083,VN,10.8035404,106.6966172
Falmouth,Q478029,2649715,GB,50.15,-5.0666666666667
Buslingthorpe,Q2180099,7296096,GB,53.35,-0.37
Lukov (powiat Zlin),Q1877128,3071374,CZ,49.290273695341,17.729602776748
Nowe Miasto nad Pilicą,Q1019505,763659,PL,51.619444444444,20.576111111111
Biadoliny Szlacheckie,Q4902414,776194,PL,49.998333333333,20.750555555556
Coyoacán,Q661315,3530139,MX,19.35,-99.161666666667
Świsłocz,Q1076109,621048,BY,53.033333333333,24.1
Pilica,Q555053,7533307,PL,50.466388888889,19.656666666667
Rudna Wielka,Q606218,760062,PL,50.08333333,21.95
Siemiatycze,Q218980,759320,PL,52.427222222222,22.8625
Stany Zjednoczone,Q30,6252001,US,39.828175,-98.5795
Newark,Q25395,5101798,US,40.735277777778,-74.185
Flossenbürg,Q274354,2926107,DE,49.735698,12.3569
Szwajcaria,Q39,2658434,CH,46.798562,8.231973
Sušice,Q1000056,3064662,CZ,49.231161465796,13.520207848015
Popowo Kościelne,Q7229501,3088294,PL,52.7167,17.2667
Spiczyńce,Q4437954,693025,UA,49.410833333333,29.153888888889
Nevşehir,Q206879,303831,TR,38.625,34.712222222222
Stambuł,Q406,745044,TR,41.01,28.960277777778
Rybczewice,Q2690632,759922,PL,51.01667,22.85
Podlesie,Q7206881,761838,PL,50.50944444,22.6975
Champaign,Q577964,4887158,US,40.112777777778,-88.261111111111
Dobříš,Q16515,3077024,CZ,49.781215974594,14.16722087166
Walencja,Q8818,6362115,ES,39.47,-0.3763888888888889
Londýnská,Q43388791,8378770,CZ,50.0736129465,14.4342233717
Bobrujsk,Q207294,630468,BY,53.15,29.233333333333
Grenoble,Q1289,3014728,FR,45.186944444444,5.7263888888889
Aleppo,Q41183,170063,SY,36.2,37.15
Johannesburg,Q34647,993800,ZA,-26.204361111111,28.041638888889
Laval,Q184154,6454286,FR,48.072777777778,-0.77
Ottyniowice,Q4340239,698143,UA,49.440833333333,24.318055555556
Boulogne-Billancourt,Q172455,6451962,FR,48.835277777778,2.2413888888889
Boston,Q100,4930956,US,42.358333333333,-71.0625
Kołaczkowice,Q6435500,3095848,PL,50.95,18.95
Okříšky,Q2703812,3069098,CZ,49.245438505879,15.7696064121
Warszawa,Q270,756135,PL,52.23,21.011111111111113
Žďárky,Q394513,3061698,CZ,50.468257101643,16.227426004408
Montauban,Q172593,2993002,FR,44.017222222222,1.355
Alba de Tormes,Q946344,6360266,ES,40.824722222222,-5.5161111111111
Saint-Michel-de-Montaigne,Q178442,2977985,FR,44.874166666667,0.03
Offenbach am Main,Q3042,3220975,DE,50.1,8.7666666666667
Tartu,Q13972,588335,EE,58.38,26.7225
Przemyśl,Q208473,761168,PL,49.78345,22.78424
Mazandaran,Q308864,124544,IR,36.5656,53.0588
Lower East Side,Q1511813,5125409,US,40.717222,-73.989722
Gdańsk,Q1792,3099434,PL,54.366666666667,18.633333333333
Bratkowice,Q849093,775350,PL,50.11666667,21.86666667
Florencja,Q2044,6542285,IT,43.771388888889,11.254166666667
Łoźna,Q1025872,626064,BY,55.016666666667,30.8
Kham,Q125990,8449601,,30.601669444444,96.841552777778
Savonranta,Q568109,637288,FI,62.173611111111,29.206944444444
Holszyce,Q17494791,628357,BY,53.143055555556,27.659166666667
Chichester,Q207639,2653192,GB,50.8365,-0.7792
Asyż,Q20103,6538612,IT,43.07,12.6175
Milkowszczyzna,Q653342,8077171,BY,53.5597,24.3903
Mysore,Q10086,1262321,IN,12.30861111111111,76.65305555555555
Srebrna,Q278411,758496,PL,52.493,20.3274
Segedyn,Q81581,715429,HU,46.25,20.166666666667
Skałat,Q149159,693700,UA,49.433333333333,25.983333333333
Barabasz,Q2658770,2027142,RU,43.191666666667,131.48888888889
Eupatoria,Q33345,688105,RU,45.2,33.358333333333
Lubeka,Q2843,2875601,DE,53.869722222222,10.686388888889
Jarnac,Q217173,3012477,FR,45.681388888889,-0.17583333333333
Siemianowice Śląskie,Q158485,3086024,PL,50.275833333333,18.985833333333
Prades,Q212450,6613826,FR,42.617222222222,2.4219444444444
Katyń,Q321107,551732,RU,54.770088888889,31.689811111111
Tuszów Narodowy,Q2684637,756523,PL,50.37083333333333,21.463333333333335
Písek,Q158245,3068293,CZ,49.30888068684,14.147530601921
Środa Wielkopolska,Q52903,3085045,PL,52.233333333333,17.283333333333
Hermanville-sur-Mer,Q862669,6427258,FR,49.283611111111,-0.31527777777778
Cheshire,Q755226,5283837,US,41.49899,-72.90066
Znojmo,Q214956,3061344,CZ,48.855540667876,16.048796054219
Harpurhey,Q4496047,11979027,GB,53.507311111111,-2.2080305555556
Nierośno,Q5620262,763894,PL,53.6,23.3833
Kožlany,Q1785887,3073025,CZ,49.993988077239,13.541132603917
Nisko,Q983983,763829,PL,50.533333333333,22.133333333333
Chorobrów,Q285434,696368,UA,49.598417535668,25.123308080259
Phoenix,Q16556,5308655,US,33.44833333333333,-112.07388888888889
Uchylsko,Q7876772,3082872,PL,49.945,18.381944444444
Carlsberg,Q521626,6554891,DE,49.503888888889,8.0416666666667
Chełmża,Q850688,3101787,PL,53.2,18.6
Kraków,Q31487,6690154,PL,50.061388888889,19.937222222222
Stecówka,Q4442524,692531,UA,48.556944444444,25.559722222222
Hagen,Q2871,3221110,DE,51.359444444444,7.475
Czarny Ostrów,Q1973626,710628,UA,49.5,26.75
17. dzielnica Paryża,Q197297,6618623,FR,48.882244444444,2.3078388888889
Kolano,Q4196415,768810,PL,51.671388888889,23.0625
Waszyngton,Q61,4140963,US,38.895,-77.036666666667
Wołogda,Q1957,472459,RU,59.216666666667,39.9
Manhattan,Q11299,5125771,US,40.728333333333,-73.994166666667
Amélie-les-Bains-Palalda,Q7152,6452464,FR,42.475277777778,2.6719444444444
Kolín,Q470369,3073371,CZ,50.028193990808,15.200633745928
Łódź,Q580,3093133,PL,51.776944444444,19.454722222222
Nazaret,Q430776,294098,IL,32.702102777778,35.29785
Arundel,Q974582,5887440,CA,45.9667,-74.6167
Radzymin,Q609246,760684,PL,52.41592,21.18415
Pińczów,Q275592,762201,PL,50.533333333333,20.533333333333
Suwałki,Q236083,7530941,PL,54.083333333333,22.933333333333
Martin,Q27001,3058780,SK,49.063611111111,18.921388888889
Niemirów,Q997335,700322,UA,48.979444444444,28.843888888889
Niedźwiady,Q7031279,7531650,PL,51.80111111,18.09277778
sanatorium Borůvkovo,Q19601766,8378770,CZ,50.076666666667,14.43
Courbevoie,Q189715,3023141,FR,48.897222222222,2.2522222222222
Berdiańsk,Q33292,712451,UA,46.759787424073,36.784501356212
Malvern,Q623323,7290434,GB,52.108,-2.325
Bystrzyca Kłodzka,Q991022,3101968,PL,50.3,16.65
Myszków,Q731079,3091217,PL,50.5752,19.32461
Tyszowce,Q1946027,756438,PL,50.618333333333,23.709722222222
Bruksela,Q9005,2800866,BE,50.846666666667,4.3525
Všetaty,Q1364159,3062342,CZ,50.28194003284,14.593054591872
Strasburg,Q6602,2973783,FR,48.573333333333,7.7522222222222
Mińsk,Q2280,625143,BY,53.902246,27.561837
Motihari,Q1774606,1262710,IN,26.65,84.916666666667
Zamość,Q145972,753866,PL,50.720555555556,23.258611111111
Turnov,Q851419,3063853,CZ,50.587341607858,15.156899388718
Tunis,Q3572,2464470,TN,36.800833333333,10.18
Kutno,Q202160,3094170,PL,52.233333333333,19.366666666667
Wilno,Q216,593116,LT,54.683333333333,25.283333333333
Mengen,Q82279,6558195,DE,48.049722222222,9.33
Niewiadów,Q7032034,3090894,PL,51.61777778,19.90861111
Jerozolima,Q1218,281184,IL,31.783333333333,35.216666666667
Sosnowiec,Q105060,7530975,PL,50.3,19.166666666667
Amsterdam,Q727,2759794,NL,52.383333333333,4.9
Gwatemala,Q1555,3595529,GT,14.609861111111,-90.52525
Francja,Q142,3017382,FR,47.0,2.0
Auschwitz II – Birkenau,Q663764,7701596,PL,50.0371,19.1752
Brześć,Q140147,629634,BY,52.084722222222,23.656944444444
Rudniki (obwód brzeski),Q6531316,622603,BY,52.6675,24.513888888889
Vodochody (Straškov-Vodochody),Q11924495,3062639,CZ,50.3581,14.2514
Sidzina,Q7509516,3086111,PL,49.6,19.7167
Oświęcim,Q7342,3089658,PL,50.03805555555556,19.22138888888889
Słowiańsk,Q33581,693468,UA,48.87,37.625
Goniądz,Q985386,771893,PL,53.489166666667,22.737777777778
Łępice,Q82051,755540,PL,52.653611111111,21.003611111111
Nieśwież,Q201230,624700,BY,53.216666666667,26.666666666667
Limerick,Q178283,2962941,IE,52.5,-8.75
Hamm,Q2880,3221111,DE,51.666666666667,7.8166666666667
Łubianki Wyższe,Q4129791,688660,UA,49.655978705143,25.875782207254
Przasnysz,Q672964,761218,PL,53.016667,20.883333
Gorłówka,Q157260,707753,UA,48.333611111111,38.0925
Zambrów,Q145719,753895,PL,52.985277777777775,22.24222222222222
Pałac Dolmabahçe,Q274141,6947654,TR,41.039444444444,29.001666666667
Janikowice,Q6154431,770538,PL,50.28444444,20.1675
Berkeley,Q484678,5327684,US,37.870277777778,-122.26805555556
Lębork,Q497148,3093739,PL,54.55,17.75
Homel,Q2678,627907,BY,52.441666666667,30.983333333333
Pobużany,Q4366289,697017,UA,50.014166666667,24.559722222222
Sopot,Q92689,3085151,PL,54.44185,18.54782
Oakland,Q17042,5378538,US,37.8,-122.25
Uhřínov,Q2064019,3063707,CZ,49.349872614505,15.93797889256
Siekierno,Q7510780,759365,PL,50.97972222,20.94527778
Milanówek,Q422283,764749,PL,52.1243,20.6654
Dąbrowa-Zabłotne,Q5320673,773564,PL,52.8506,22.43
Saloniki,Q17151,734077,GR,40.640277777777776,22.935555555555556
Feijó,Q2304535,8013120,PT,38.65386,-9.1685
Grodno,Q181376,627904,BY,53.666666666667,23.816666666667
Paszowice,Q287764,3089375,PL,51.016666666667,16.166666666667
Pruszków,Q721937,761228,PL,52.166666666667,20.8
Skuteč,Q1332942,3065921,CZ,49.843507732223,15.996602726521
East Village,Q1043326,5116093,US,40.7275,-73.98583333
Ołtarzew,Q7116796,763151,PL,52.21666667,20.78333333
Powiat wasylkowski,Q11825794,690412,UA,50.18693,30.31346
Bogucin,Q4937810,775711,PL,51.504444444444,21.573333333333
Brzeżany,Q793424,712374,UA,49.44642725077,24.943643614913
Czortków,Q148473,710400,UA,49.016666666667,25.8
La Santé,Q290432,7290166,FR,48.833888888889,2.3397222222222
Bielebiej,Q104703,578120,RU,54.1,54.133333333333
Felicjanów,Q5441822,3099694,PL,51.7667,19.8333
Miastków Kościelny,Q2667569,764988,PL,51.9,21.833333333333
Vlašim,Q1000101,3062759,CZ,49.706391051684,14.898853788831
Montpellier,Q6441,2992166,FR,43.610919444444,3.8772305555556
Wiesbaden,Q1721,3220990,DE,50.0825,8.24
Grodzisk Mazowiecki,Q924078,771401,PL,52.108888888889,20.625
Cieszyn,Q321197,3101321,PL,49.75,18.633333333333
Kamionek,Q6358262,8425896,PL,52.244722222222,21.055833333333
Innsbruck,Q1735,7871498,AT,47.268333333333,11.393333333333
Bierutów,Q858130,3103364,PL,51.133333333333,17.533333333333
Holsterhausen,Q1625155,2900247,DE,51.6790016,6.9493567
Syców,Q1001322,3083921,PL,51.3,17.716666666667
Zábřeh,Q246634,3062111,CZ,49.882620486561,16.872280013113
Szczecin,Q393,3083829,PL,53.424722222222,14.555277777778
Branky,Q744603,3078818,CZ,49.460953515336,17.892976922851
Wysokie,Q956627,619818,BY,52.366666666667,23.366666666667
Chełm,Q234184,774558,PL,51.133333333333,23.483333333333
Inowrocław,Q378821,3097872,PL,52.795833333333,18.261111111111
Libice nad Cidlinou,Q1013892,3071947,CZ,50.126831679238,15.178272111545
Lublin,Q37333,765876,PL,51.233333333333,22.566666666667
Sztokholm,Q1754,2673730,SE,59.329444444444,18.068611111111
Nieżyn,Q952457,699942,UA,51.05,31.9
Pukanec,Q285486,3057960,SK,48.353333333333,18.722777777778
Lipsk,Q2079,2879137,DE,51.333333333333,12.383333333333
Lipsk,Q4333116,515843,RU,51.635936111111,45.455363888889
Santiniketan,Q1026431,1256640,IN,23.68,87.68
Jarosław,Q721928,770380,PL,50.01623,22.67776
Głubczyce,Q717947,3099174,PL,50.2,17.833333333333
Beresławka,Q753652,712418,UA,47.892777777778,32.290277777778
Tampa,Q49255,4174757,US,27.970833333333,-82.464722222222
Cheb,Q193719,3077835,CZ,50.079759165169,12.373995588434
Praga,Q1085,3067696,CZ,50.083333333333,14.416666666667
Stary Sącz,Q1280257,758282,PL,49.5625,20.636388888889
Aleksota (dzielnica Kowna),Q2640897,601138,LT,54.88333333,23.9
Dąbrowa Tarnowska,Q324971,773569,PL,50.175,20.983333333333334
Nowy Jork,Q60,5128581,US,40.712728,-74.006015
Lizbona,Q597,2267057,PT,38.708042,-9.139016
Urbana,Q462184,4914570,US,40.109722222222,-88.204166666667
San Antonio de Arredondo,Q10367373,3837989,AR,-31.483888888889,-64.533888888889
Kladno,Q155993,3073699,CZ,50.143055555556,14.105277777778
Ołomuniec,Q81137,3069011,CZ,49.593888888889,17.250833333333
Urniaże,Q5765943,593689,LT,55.3333,23.9
Tuluza,Q7880,2972315,FR,43.604444444444,1.4438888888889
Ojców,Q842133,3090275,PL,50.206666666667,19.829166666667
Pionki,Q1753143,762199,PL,51.483333333333,21.45
Berchtesgaden,Q278221,6558517,DE,47.631388888889,13.004166666667
Velestovo,Q3555304,3188301,ME,42.52611111,18.96444444
Obořiště,Q2362899,3069188,CZ,49.742330457477,14.151904324374
Krajná Bystrá,Q853778,724419,SK,49.385,21.6775
Kromieryż,Q158239,3072649,CZ,49.297859972783,17.393134863736
Kukizów,Q4245721,703753,UA,49.941111111111,24.271666666667
Oberaudorf,Q524660,6556371,DE,47.6475,12.171944444444
Preszów,Q26119,723819,SK,49.0,21.233333333333
Oksford,Q34217,2640729,GB,51.751944444444,-1.2577777777778
Pleszew,Q555876,3088848,PL,51.897361111111,17.785613888889
Gorki-10,Q4144333,559919,RU,55.705636111111,37.024491666667
Zawar,Q166884,3056572,SK,48.35055555555556,17.672777777777778
Połtawa,Q156747,696643,UA,49.574444444444,34.568611111111
Mladá,Q1941188,3070628,CZ,50.2303,14.8733
Prjamuchino,Q2111332,504414,RU,56.937777777778,34.452777777778
Subotica,Q170287,3189595,RS,46.098333333333,19.67
Clermont-Ferrand,Q42168,6440000,FR,45.779722222222,3.0869444444444
Yonkers,Q128114,5145215,US,40.941388888889,-73.864444444444
Bourg-la-Reine,Q249852,6451963,FR,48.778055555556,2.3158333333333
Kolkata,Q1348,1275004,IN,22.5726723,88.3638815
Kajetanówka,Q6348959,769822,PL,51.0833,22.4333
Kłajpeda,Q776965,598099,LT,55.7075,21.142777777778
Lwów,Q36036,702550,UA,49.841888888889,24.0315
Moskwa,Q649,524894,RU,55.755833333333,37.617777777778
Borzęcin,Q2145650,775423,PL,50.07583333,20.70555556
Saint-Paul-de-Vence,Q208260,2977701,FR,43.696388888889,7.1222222222222
Brema,Q24879,2944388,DE,53.076944444444,8.8088888888889
Hluboká nad Vltavou,Q1010144,3075731,CZ,49.052328810727,14.434283204502
North Baltimore,Q2599127,5164653,US,41.1819,-83.6744
Przywóz,Q1001632,3067474,CZ,49.85611111,18.27333333
Stonewall (Teksas),Q975048,4734587,US,30.24,-98.66
Vítkov,Q1641781,3062811,CZ,49.774449841863,17.749454126304
Nicea,Q33959,2990440,FR,43.701944444444,7.2683333333333
Melbourne,Q3141,2158177,AU,-37.820555555556,144.96138888889
14. dzielnica Paryża,Q187153,2989781,FR,48.833022222222,2.3268888888889
Nowy Targ,Q231593,763523,PL,49.483333333333334,20.033333333333335
New Palace,Q695076,6948542,DE,48.7781,9.18194
powiat przasnyski,Q608078,7530886,PL,53.016666666667,20.883333333333
Siedlce,Q319813,759412,PL,52.183333333333,22.283333333333
Heidelberg,Q2966,2907911,DE,49.412222222222,8.71
Zułowo,Q2606178,592923,LT,54.972222,25.975
Wysokie Mazowieckie,Q335580,754479,PL,52.919166666667,22.514444444444
Brush Prairie,Q1502728,5788290,US,45.7289,-122.542
Ferrara,Q13362,6542120,IT,44.835297,11.619865
Branford,Q898484,5283054,US,41.277777777778,-72.799722222222
Plainfaing,Q903654,2986946,FR,48.172222222222,7.0136111111111
Krzepice,Q1005511,3094513,PL,50.967222222222,18.731944444444
Mykolaivka,Q4320321,700123,UA,48.786718531602,35.179621696119
Tagasta,Q1324444,2479215,DZ,36.286389,7.951111
Náchod,Q591823,3070122,CZ,50.416738226612,16.16297400854
Červený Kostelec,Q158420,3077955,CZ,50.476298276375,16.092983802099
Karaganda,Q484706,609655,KZ,49.8,73.116666666667
Nancy,Q40898,2990999,FR,48.692777777778,6.1836111111111
Železnice,Q393519,3061563,CZ,50.472789151435,15.384681121662
Łęczyca,Q325727,3093726,PL,52.05833333333333,19.2
7. dzielnica Paryża,Q259463,2988760,FR,48.859166666667,2.3127777777778
Borów,Q4947035,3102860,PL,52.0833,19.5833
Zbaraż,Q1019899,687455,UA,49.664574286972,25.775386058654
Bajonna,Q134674,3034475,FR,43.4925,-1.4763888888889
Newtown,Q669171,2641523,GB,52.5132,-3.3141
Skierniewice,Q2734,759123,PL,51.952777777778,20.141666666667
Glanton,Q2218224,2648600,GB,55.424,-1.883
Zduńska Wola,Q169237,3080414,PL,51.6,18.933333333333334
Milwaukee,Q37836,5263045,US,43.05,-87.95
Mohylew,Q154835,625665,BY,53.90894,30.34296
High Falls,Q3460901,5120691,US,41.8269,-74.1222
Gliwice,Q105084,3099230,PL,50.3011,18.6498
Wiedeń,Q1741,2761369,AT,48.208333333333336,16.3725
Ułaszkowce,Q4470921,690752,UA,48.899444444444,25.818611111111
Dmitrow,Q102334,565955,RU,56.35,37.533333333333
Fryburg Bryzgowijski,Q2833,2925177,DE,47.995,7.85
Toruń,Q47554,3083271,PL,53.016666666667,18.616666666667
Kilmacolm,Q1011533,2645611,GB,55.8941,-4.62708
Hove,Q989616,2646504,GB,50.831111111111,-0.1725
Małoszyce,Q6799455,765301,PL,50.85416667,21.45083333
Konolfingen,Q66211,7286217,CH,46.883333333333,7.6166666666667
Nagykanizsa,Q14424,3047679,HU,46.455833333333,16.9975
Międzyrzecze,Q4288770,701309,UA,50.3325,24.217777777778
Tolima,Q234501,3666951,CO,4.4333333333333,-75.233333333333
Woroneż,Q3426,472045,RU,51.671666666667,39.210555555556
Stok Lacki,Q579325,758131,PL,52.16667,22.35
Marin-Epagnier,Q685089,8468977,CH,47.016666666667,7.0166666666667
Kobylany,Q5620806,768931,PL,52.1667,22.9
Czuszów,Q2126853,773685,PL,50.25,20.35
Orsza,Q208609,624072,BY,54.509166666667,30.425833333333
Mečeříž,Q2318879,3070911,CZ,50.290446420362,14.736874485305
Podkowa Leśna,Q422177,7531437,PL,52.116666666667,20.733333333333
Cambridge,Q49111,4931972,US,42.375,-71.106111111111
Jizbice,Q12024978,3074080,CZ,50.3914,16.1936
Łopuszno,Q553641,765981,PL,50.948611111111,20.250833333333
Korolówka,Q988379,698592,UA,48.742090978313,25.993490319693
Puts′kava,Q16713557,622942,BY,53.593888888889,29.039444444444
Marnes-la-Coquette,Q636993,2995597,FR,48.830277777778,2.1772222222222
rejon wołożyński,Q1817324,620025,BY,54.0833,26.5167
Brownsville (Brooklyn),Q991279,5110446,US,40.660652777778,-73.910780555556
Zalesie,Q8065362,753963,PL,53.3167,21.35
Poznań,Q268,3088171,PL,52.40833333333333,16.933611111111112
6. dzielnica Paryża,Q245546,2997000,FR,48.850530555556,2.3322333333333
Barcelona,Q1492,6356055,ES,41.3825,2.1769444444444
Bystrzejowice Pierwsze,Q5004574,768627,PL,51.143333333333,22.7075
Charków,Q42308,706483,UA,50.0,36.229166666667
Nérac,Q210769,2990780,FR,44.136111111111,0.33944444444444
Saratów,Q5332,498677,RU,51.533333333333,46.0
Edgbaston,Q3047556,2650236,GB,52.45805,-1.9190472222222
Piekary,Q7191604,3089132,PL,51.4,19.5167
Orzesze,Q1001207,3089965,PL,50.15,18.75
Rozdol,Q4388416,708583,UA,48.261944444444,30.429444444444
Sanok,Q201729,759591,PL,49.55,22.216666666667
Betlejem,Q5776,284315,PS,31.704444444444,35.206111111111
Veletín,Q11878350,3063301,CZ,49.5547,14.475
Waverly,Q2039711,4666202,US,36.083172661659255,-87.79393547679861
Gąbin,Q990808,3099619,PL,52.4,19.733333333333
Havlíčkův Brod,Q954596,3075919,CZ,49.607899638305,15.580727658514
Tegernsee,Q260130,2823679,DE,47.708611111111,11.756944444444
Rzym,Q220,3169070,IT,41.893055555556,12.482777777778
Mytishino,Q4309590,523809,RU,54.782777777778,32.045277777778
Pykhino,Q19681158,503445,RU,58.71426,42.65616
Wierzchosławice,Q2712668,7531505,PL,50.0202,20.853
Izdebki,Q5191976,770746,PL,49.76666667,22.1
Gdynia,Q385,3099424,PL,54.51889,18.53188
Odrzykoń,Q7078353,763401,PL,49.75,21.75
Orlík nad Vltavou,Q1641768,11054758,CZ,49.510741166017,14.164774889585
Czarnowąsy,Q839391,3101128,PL,50.725833333333,17.901111111111
Zwiartów,Q8075658,753029,PL,50.5714,23.4944
Clapham,Q146659,2652951,GB,51.463230555556,-0.13393888888889
Le Kremlin-Bicêtre,Q135104,6457187,FR,48.81,2.3580555555556
Zembrzyce,Q2565965,3080291,PL,49.78333,19.6
Sieniec,Q7511098,3085990,PL,51.23972222,18.67944444
Chicago,Q1297,4887398,US,41.881944444444,-87.627777777778
Zaosie,Q3493620,619188,BY,53.28916666666667,26.100277777777777
Krzemieniec,Q849116,704143,UA,50.108055555556,25.7275
Mikołów,Q659905,3091831,PL,50.17103,18.9041
Cincinnati,Q43196,4508722,US,39.1,-84.5125
Kołomyja,Q52193,705392,UA,48.516666666667,25.033333333333
Maisons-Laffitte,Q463951,2996564,FR,48.946111111111,2.145
Opole,Q92212,3090048,PL,50.672222222222,17.925277777778
Gostynin,Q983735,3098619,PL,52.416666666667,19.466666666667
Nadarzyn,Q1020457,764194,PL,52.093888888889,20.805277777778
Uljanowsk,Q5627,479123,RU,54.316666666667,48.366666666667
Lindener Marktplatz 2 (Hannover),Q18023391,11808390,DE,52.366777,9.714939
Pieriediełkino,Q593888,6418221,RU,55.655555555556,37.3325
Košumberk,Q12031338,3073120,CZ,49.8853,16.0369
Kostelec nad Orlicí,Q1645575,3073149,CZ,50.122700875844,16.213254179601
Lipniszki,Q3692422,626041,BY,54.0,25.6167
Saint-Jean-du-Gard,Q268590,2979244,FR,44.104722222222,3.8861111111111
Martha's Vineyard,Q49148,4943231,US,41.4,-70.616666666667
Bolton,Q184579,2655237,GB,53.583333333333,-2.4333333333333
Wschowa,Q717938,3081300,PL,51.8,16.3
Budapeszt,Q1781,3054643,HU,47.498333333333,19.040833333333
Rawa Mazowiecka,Q149059,760584,PL,51.766666666667,20.25
Popowo,Q4700601,7531816,PL,52.7,19.4075
Elbląg,Q104712,3099759,PL,54.166666666667,19.4
Grądy,Q195323,761851,PL,50.0,20.58333
Fårö,Q1004693,2715292,SE,57.933333333333,19.15
Dijon,Q7003,3021372,FR,47.323055555556,5.0419444444444
Střešovice,Q3176913,3064946,CZ,50.09166667,14.38
Hořany,Q1632184,3075527,CZ,50.50345833,13.58364667
Gan,Q859063,6440387,FR,43.228611111111,-0.3875
Rock Island,Q577878,4907907,US,41.489166666667,-90.573055555556
Dinan,Q201311,3021356,FR,48.455555555556,-2.0502777777778
Dukszty,Q2356406,599727,LT,55.522,26.321
Ostrawa,Q8385,3068799,CZ,49.835555555556,18.2925
Rybnik,Q107094,3086586,PL,50.083333333333,18.5
Radwanowice,Q7281790,3087444,PL,50.11666667,19.73333333
Czereja,Q3917706,629349,BY,54.6131,29.2764
Gardzienice (województwo lubelskie),Q9265975,772355,PL,51.1106,22.8586
Newcastle upon Tyne,Q1425428,2641673,GB,54.977777777778,-1.6133333333333
Władywostok,Q959,2013348,RU,43.116666666667,131.9
Brzeźnica,Q1836974,7531874,PL,49.9667,19.6333
Villa Atamisqui,Q577778,3832805,AR,-28.496388888889,-63.817777777778
Cannes,Q39984,3028808,FR,43.5525,7.0213888888889
Szczepanów,Q2368338,757420,PL,50.005278,20.655556
Henryków,Q5731265,771085,PL,51.596,20.074
Nocera Inferiore,Q81138,6541687,IT,40.75,14.633333333333
Swobnica,Q838493,3083947,PL,53.042777777778,14.624444444444
Kijów,Q1899,703448,UA,50.45,30.523611111111
Leeds,Q39121,2644688,GB,53.799722222222,-1.5491666666667
Čimelice,Q1925206,3077407,CZ,49.465660950631,14.06925954647
Płock,Q104725,3088825,PL,52.55,19.7
12. dzielnica Paryża,Q171689,2983854,FR,48.840808333333,2.3881833333333
Vodochody,Q167908,3062640,CZ,50.206884118686,14.397901862402
Etterbeek,Q192859,2798578,BE,50.83611111111111,4.386111111111111
Bydgoszcz,Q41252,3102014,PL,53.116666666667,18.0
Fergana,Q486329,1514019,UZ,40.386388888889,71.786388888889
Cubolta,Q2449728,617958,MD,47.873888888889,28.0375
Zabrze,Q103892,3080985,PL,50.3,18.783333333333
Sowietsk (obwód kirowski),Q196369,490067,RU,57.601305555556,48.938611111111
Stęgosz,Q9347627,3084671,PL,52.0428,17.5206
Wronki,Q52900,3081350,PL,52.7,16.383333333333
Úborsko,Q11084843,3063774,CZ,49.3314,13.1583
Kałużyce,Q6398138,7931732,BY,53.9833,28.8181
Uście (rejon śniatyński),Q4478620,690589,UA,48.470555555556,25.484722222222
Costa Mesa,Q499196,5339840,US,33.67,-117.91
Wierzbno,Q7999251,755795,PL,50.15,20.25
Neuilly-sur-Seine,Q48958,2990611,FR,48.887222222222,2.2675
Edynburg,Q23436,2650225,GB,55.95333333333333,-3.1891666666666665
Konstantynów Łódzki,Q867349,3095277,PL,51.75,19.333333333333
16. dzielnica Paryża,Q194420,2988394,FR,48.863611111111,2.2764888888889
Zuzela,Q2111250,753031,PL,52.68333,22.23333
Yorba Linda,Q493518,5410902,US,33.888551,-117.813231
Tarnów,Q106281,757026,PL,50.0125,20.988333333333
Montreal,Q340,6077243,CA,45.508888888889,-73.561666666667
Stryj,Q158923,692372,UA,49.25,23.85
Olkusz,Q764943,3090146,PL,50.2813,19.56503
Pstrągowa,Q7256157,760968,PL,49.93416667,21.76194444
13. dzielnica Paryża,Q175129,3015772,FR,48.832222222222,2.3555555555556
Kurów,Q2316,766980,PL,51.389722222222225,22.18611111111111
Czartorysk,Q1007758,692757,UA,51.224166666667,25.8825
Krosno,Q826068,767470,PL,49.68866,21.77058
Duala,Q132830,2232593,CM,4.05,9.7
Pałac Apostolski,Q145093,3164670,VA,41.903611111111,12.456388888889
Saint-Zacharie,Q3463533,11822647,CA,46.1333,-70.3667
Wabern bei Bern,Q678427,2658084,CH,46.928611111111,7.4483333333333
Johnstown,Q1070763,5195561,US,40.3228,-78.9208
Sceaux,Q370498,6451980,FR,48.778611111111,2.2905555555556
Trewir,Q3138,3247911,DE,49.756666666667,6.6413888888889
Zalew Wiślany,Q5605,3081867,PL,54.476388888889,19.767777777778
Września,Q52902,3081324,PL,52.333333333333,17.583333333333
Wenecja,Q641,6542284,IT,45.439722222222,12.331944444444
Łagów,Q345189,7532597,PL,52.334305555556,15.292694444444
Nowa Wieś,Q7066158,3084926,PL,51.280277777778,19.636666666667
Montevideo,Q1335,3441575,UY,-34.86666666666667,-56.166666666666664
Chodżent,Q373808,1514879,TJ,40.283333333333,69.616666666667
Nitra,Q26397,3058531,SK,48.314722222222,18.0875
Czeskie Budziejowice,Q16506,3077916,CZ,48.974722222222,14.474722222222
Okopy,Q5756175,7533511,PL,53.5878,23.1519
Szekszárd,Q189761,3044760,HU,46.355833333333,18.703888888889
Głuchy,Q772196,766730,PL,52.4833,21.3833
Świdnica,Q387396,3084093,PL,50.84378,16.48859
Röcken,Q529879,2846238,DE,51.240833333333,12.116111111111
Klížska Nemá,Q969277,3059494,SK,47.7521,17.82
Ossining,Q2001670,7161797,US,41.165277777778,-73.856666666667
Kotahena,Q6433847,7545307,LK,6.9427777777778,79.858611111111
Bochnia,Q815903,775758,PL,49.983333333333,20.433333333333
Londyn,Q84,2643743,GB,51.507222222222,-0.1275
Lucyn,Q744259,457776,LV,56.543888888889,27.721111111111
Żydaczów,Q997359,618835,UA,49.383333333333,24.133333333333
Jaworów,Q997392,688288,UA,49.946944444444,23.393055555556
Zlin,Q171018,3061370,CZ,49.233055555556,17.666944444444
Rokitnica-Wieś,Q7360026,3087035,PL,53.163333333333,19.525833333333
Podbišće,Q3393015,3220599,ME,42.94027778,19.57083333
Pafos,Q180918,146214,CY,34.77612852,32.42651039
Godalming,Q909146,2648372,GB,51.185,-0.61
Perth,Q3183,2063523,AU,-31.952222222222,115.85888888889
Przybram,Q841296,3067542,CZ,49.68996461067,14.010474512485
Murnau am Staffelsee,Q254356,6558934,DE,47.68333333333333,11.2
Opladen,Q315138,2857185,DE,51.0678,7.00278
Gori,Q19583,614455,GE,41.98168611111111,44.11241666666667
Valašské Meziříčí,Q375651,3063447,CZ,49.471799519597,17.97115355859
Grudziądz,Q123511,3098218,PL,53.4875,18.755
Niderviller,Q22205,6437750,FR,48.712777777778,7.1080555555556
Wielki Londyn,Q23306,2648110,GB,51.5,-0.083333333333333
Davis,Q668546,5341704,US,38.553888888889,-121.73805555556
Pardubice,Q36989,3068582,CZ,50.03861,15.77916
Sichów,Q7507460,3086119,PL,51.1,16.05
Pescina,Q50122,6538851,IT,42.026388888889,13.658888888889
Wierzchnia,Q4108795,689855,UA,49.102222222222,24.314722222222
Zawadzkie,Q167731,3080538,PL,50.609444444444,18.48
Mordy,Q1906245,764407,PL,52.208055555556,22.511944444444
Miszkolc,Q102397,717582,HU,48.1,20.783333333333335
Twer,Q2288,480060,RU,56.857827777778,35.921927777778
Orzeł,Q3118,515012,RU,52.96861111111111,36.06944444444444
Odporyszów,Q7078336,763409,PL,50.15,20.91666667
8. dzielnica Paryża,Q270230,3020270,FR,48.874166666667,2.3111111111111
Pułtusk,Q62937,760917,PL,52.7025,21.08276
Berlin Zachodni,Q56036,11612751,DE,52.53333333,13.16666667
Hamburg,Q1055,2911297,DE,53.55,10.0
Kisłowodzk,Q153676,548114,RU,43.91,42.72
Skole,Q913962,693658,UA,49.037777777778,23.513888888889
Mumbaj,Q1156,1275339,IN,19.075833333333332,72.8775
Shettleston,Q7495680,3333231,GB,55.85,-4.17071
Radom,Q104740,760778,PL,51.403611111111,21.156666666667
Świeradów-Zdrój,Q387561,3084055,PL,50.916666666667,15.35
Kolonia,Q365,2886242,DE,50.942222222222,6.9577777777778
Prek Sbauv,Q1453641,1825954,KH,12.7,104.9
Bolesławiec,Q156828,7531979,PL,51.266666666667,15.566666666667
Żabno,Q392988,754329,PL,50.13333333333333,20.883333333333333
Kiwaczówka,Q4220011,11812413,UA,48.765277777778,29.7075
Dawidy Bankowe,Q5212952,11694760,PL,52.12166667,20.97944444
Błonie,Q608376,775820,PL,52.2,20.616666666667
Rochester,Q486479,5043473,US,44.0234,-92.46295
Nieszawa,Q682046,3090907,PL,52.836666666667,18.901388888889
Melekhovo,Q18790174,7597544,RU,56.8799,29.4636
Aix-en-Provence,Q47465,6452134,FR,43.527777777778,5.4455555555556
Rozhadów,Q4396480,695333,UA,49.608333333333334,24.95722222222222
Hinterzarten,Q515356,6555747,DE,47.907777777778,8.1008333333333
Dublany,Q997533,709546,UA,49.896111111111,24.0925
Genewa,Q71,7285902,CH,46.2,6.15
Domodiedowo,Q135410,565381,RU,55.433333333333,37.75
Hyde Park Gate,Q5953682,3333157,GB,51.5004,-0.182722
Spassk-Riazanskij,Q196458,489741,RU,54.4,40.383333333333
Bukareszt,Q19660,683506,RO,44.4,26.083333333333
Casablanca,Q7903,2553604,MA,33.599166666667,-7.62
Zator,Q1281557,7533091,PL,49.99583333,19.43777778
Villach,Q483522,2762366,AT,46.616666666667,13.833333333333
Rockport,Q2079395,4948936,US,42.655555555556,-70.620833333333
Vrindavan,Q688281,1253079,IN,27.572777777777777,77.69333333333333
Štramberk,Q392466,3065062,CZ,49.591796793611,18.117444108979
Wielopole,Q186974,755857,PL,49.66166667,20.69583333
Poraj,Q7229936,3088280,PL,51.2833,19.5333
Częstochowa,Q103217,3100946,PL,50.80964,19.12217
Auxerre,Q167600,3035843,FR,47.7975,3.5669444444444
Drawa,Q3039167,766905,PL,54.163611111111,21.003888888889
Saginaw,Q719,5007989,US,43.4199247,-83.9500261
Charvieu,Q63077802,6616652,FR,45.745708,5.153344
Rzeszów,Q598,7530819,PL,50.05,22.0
Vence,Q192368,2970148,FR,43.722465555556,7.1118622222222
Svitávka,Q2304969,3064456,CZ,49.50180312003,16.597964085885
camp of the Gulag,Q56507866,2045744,RU,43.16556,131.90222
Kórnik,Q51408,3095194,PL,52.236666666667,17.098611111111
Odessa,Q1874,698740,UA,46.47747,30.73262
Bykowo (obwód moskiewski),Q1018529,570298,RU,55.631666666667,38.090555555556
Hořice,Q927541,3075493,CZ,50.366136740505,15.631918228938
Bołszowce,Q4092249,711752,UA,49.185555555556,24.746388888889
Jadów,Q1871384,770662,PL,52.4667,21.6333
Baku,Q9248,587081,AZ,40.366655555556,49.835183333333
Santa Monica,Q47164,5393212,US,34.021944444444,-118.48138888889
Matawan,Q1082606,5100940,US,40.412222222222,-74.237777777778
Magnitogorsk,Q95449,532288,RU,53.383333333333,59.033333333333
Plevník-Drienové,Q221171,3060359,SK,49.17,18.49361111
Liverpool,Q24826,2644210,GB,53.4075,-2.9919444444444445
Łopuszno,Q2475995,765981,PL,50.93333,20.25
Pawłowice,Q7156380,762539,PL,51.07138889,21.74666667
Žuravičy,Q4181674,618754,BY,53.245329,30.544453
Falls Church,Q408744,4758390,US,38.882222222222,-77.171111111111
Clamart,Q194160,6451966,FR,48.800833333333,2.2619444444444
Châtenay-Malabry,Q200945,3026108,FR,48.765277777778,2.2780555555556
Zwierzyniec,Q281376,7531333,PL,52.7067,23.7294
Sussex,Q23346,2636510,GB,50.9471026998,-0.141372694746
Radomsko,Q158796,3087497,PL,51.066666666667,19.45
Czeczenia,Q5187,569665,RU,43.4,45.716694444444
Konin,Q52845,7532374,PL,52.2275,18.261388888889
Anlong Veng,Q557911,1831898,KH,14.233333333333,104.08333333333
Cirta,Q1093156,2501152,DZ,36.3675,6.61194444
Périgueux,Q6588,2987967,FR,45.184166666667,0.71805555555556
Springfield,Q49158,4951788,US,42.112411,-72.547455
Pessac,Q207156,2987805,FR,44.805833333333,-0.63222222222222
Tamanrasset,Q205792,2478216,DZ,22.785,5.5227777777778
San Francisco,Q62,5391959,US,37.7775,-122.41638888888889
Leszno,Q52892,3093524,PL,51.84034,16.57494
Bojaniec,Q4095458,711519,UA,50.166944444444,24.1025
Krasnystaw,Q155088,767605,PL,51.0,23.166666666667
Białystok,Q761,776069,PL,53.116666666667,23.166666666667
Garmisch-Partenkirchen,Q127043,6558814,DE,47.5,11.083333333333
Paszeńki,Q19850497,8207952,BY,55.865,27.925833333333
Revigny-sur-Ornain,Q1159425,6437169,FR,48.828055555556,4.9872222222222
Boryspol,Q158910,711660,UA,50.35,30.95
Kupiczów,Q2065576,703667,UA,50.989722222222,24.719166666667
Poświętne,Q4721251,761390,PL,51.51667,20.36667
Oelsnitz/Erzgeb.,Q57929,7602486,DE,50.722222222222,12.698611111111
Stare Chojno,Q7601641,774432,PL,51.185277777778,23.113333333333
Rawicz,Q52898,3087307,PL,51.609166666667,16.8575
Sachsenhausen,Q154498,11185526,DE,52.7662,13.2624
Pisz,Q985005,762120,PL,53.616666666667,21.8
Indianapolis,Q6346,4259418,US,39.768611111111,-86.158055555556
Będzin,Q461513,3103719,PL,50.325,19.133333333333333
Watykan,Q237,3164670,VA,41.904,12.453
Manchester,Q18125,2643123,GB,53.466666666667,-2.2333333333333
Solingen,Q2942,3247433,DE,51.166666666666664,7.083333333333333
Pałac Blenheim,Q208181,2655355,GB,51.841944444444,-1.3613888888889
Szymanowice,Q7665030,3083567,PL,52.15,19.8333
Praze-An-Beeble,Q7239103,2639937,GB,50.1667,-5.31667
Jagielno,Q1678452,3097772,PL,50.633333333333,17.2
Hippona,Q858024,2493847,DZ,36.8825,7.75
Wołyń,Q7530,689067,UA,50.741389,25.353889
Rejon łysiański,Q2566981,702490,UA,49.25852778,30.69863889
Borysów,Q19313,630376,BY,54.22429,28.51198
Możajsk,Q159139,524712,RU,55.5,36.033333333333
Soleczniki,Q391011,864520,LT,54.311111111111,25.380555555556
Hrabstwo Arlington,Q107126,4744725,US,38.880277777778,-77.108333333333
Wietrzychowice,Q2458329,7531583,PL,50.2,20.666666666667
Wołomin,Q930149,754800,PL,52.35,21.233333333333
Jeziory,Q4106435,698092,UA,51.588611111111,26.965277777778
Brzęczkowice,Q9396024,3102462,PL,50.2195,19.1562
Gibraltar,Q1410,2411586,GB,36.13775,-5.3453611111111
Słupia,Q2337969,3085480,PL,50.6,19.96667
Bukowsko,Q2664126,774776,PL,49.5,22.066666666667
Piekary Śląskie,Q158488,3089125,PL,50.383333333333,18.95
Sulejówek,Q953198,757809,PL,52.244166666667,21.28
Bonn,Q586,3247450,DE,50.733888888889,7.0997222222222
Bystra,Q640109,3101987,PL,49.759444444444,19.059722222222
Stuttgart,Q1022,6690189,DE,48.776111111111,9.1775
Navasady,Q21632624,621169,BY,54.126944444444,26.699722222222
Szlachcin,Q7664760,3083668,PL,52.2167,17.3833
Podgórze (Kraków),Q11820337,3088694,PL,50.0397,19.9503
Benešov,Q470394,3079508,CZ,49.781695568859,14.687020558215
Dallas,Q16557,4684888,US,32.779166666667,-96.808888888889
Bortniki,Q4094764,711557,UA,49.3475,24.295
Bourges,Q132404,3031005,FR,47.083611111111,2.3955555555556
Trąbki,Q7849204,756825,PL,51.95,21.6
Halifax,Q2141,5969423,CA,44.647777777778,-63.571388888889
Nová Ves pod Pleší,Q2321753,3069557,CZ,49.831840986583,14.275286336886
Bangkok,Q1861,1609350,TH,13.75,100.51666666667
Praszka,Q569938,3088135,PL,51.05,18.45
Werki,Q2026687,12232763,LT,54.753055555556,25.298055555556
Lüdinghausen,Q14934,2875417,DE,51.768055555556,7.4444444444444
Zurych,Q72,7287650,CH,47.37444444444444,8.54111111111111
Modra,Q596044,3058663,SK,48.333055555556,17.306944444444
Brno-Židenice,Q9179451,3061473,CZ,49.19611111111111,16.6475
Kamenný Újezd,Q1306068,3073892,CZ,48.897610062941,14.446387095928
La Chaux-de-Fonds,Q68124,7286240,CH,47.099627777778,6.8295583333333
Kunštát,Q1381784,3072486,CZ,49.506479529058,16.517252206001
Stockport,Q18655,2636882,GB,53.408333333333,-2.1494444444444
Vinohrady,Q662985,3072931,CZ,50.075556,14.445833
Lipník nad Bečvou,Q1021080,3071791,CZ,49.527549239447,17.58633834226
Fuenllana,Q1642185,6357137,ES,38.75,-2.95
Lailly-en-Val,Q1391575,3008662,FR,47.769722222222,1.6863888888889
Chomejn,Q720750,127403,IR,33.642222222222,50.078888888889
Szopienice,Q451391,3083651,PL,50.2663,19.0978
Śląska Ostrawa,Q3490367,3065799,CZ,49.8403,18.2987
Berlin,Q64,2950159,DE,52.516666666667,13.383333333333
Lexington,Q49241,4297983,US,38.029722222222,-84.494722222222
Uppsala,Q25286,2666199,SE,59.849760548324,17.638946597524
Kowno,Q4115712,598316,LT,54.9,23.933333333333
Velenka,Q1258920,3063313,CZ,50.139787171706,14.895678832678
Pečky,Q1813776,3068476,CZ,50.090487305541,15.030238635087
Maui,Q188705,5850862,US,20.8,-156.33333333333
Pančevo,Q205432,787237,RS,44.873888888889,20.651944444444
Madryt,Q2807,6359304,ES,40.418888888889,-3.6919444444444
Oslo,Q585,3143244,NO,59.911111111111,10.752777777778
Archangielsk,Q1851,581049,RU,64.55,40.533333333333
Buchki,Q4100633,711341,UA,50.731388888889,28.870833333333
Adelaide,Q5112,2078025,AU,-34.9275,138.6
Bethesda,Q584451,4348599,US,38.9848265,-77.0946459
Ryglice,Q1280831,7533072,PL,49.883333333333,21.133333333333
Priwolnoje (Rosja),Q988522,505106,RU,45.9175,41.307222222222
Columbia,Q38453,4575352,US,34.000555555556,-81.044166666667
Petersburg,Q656,498817,RU,59.95,30.316666666667
Gniew,Q305067,3099127,PL,53.833333333333,18.833333333333
Llandaff,Q1244613,2644160,GB,51.493333333333,-3.2133333333333
Manduel,Q244249,2996236,FR,43.818333333333,4.4733333333333
Bielsko-Biała,Q106583,3103402,PL,49.8225,19.044444444444
Buenos Aires,Q1486,3435910,AR,-34.599722222222,-58.381944444444
Kommunarka,Q2068654,545782,RU,55.57916668,37.45583334
Nowogródek,Q278743,624785,BY,53.583333333333,25.816666666667
Nanterre,Q170507,2990970,FR,48.890555555556,2.2036111111111
Drohobycz,Q158821,709611,UA,49.35,23.5
Kandałaksza,Q144264,553190,RU,67.156944444444,32.411666666667
Jaksice,Q4537086,770617,PL,50.326944444444,20.001944444444
Jeziorany,Q1001496,770078,PL,53.975902777778,20.747577777778
Bordeaux,Q1479,3031582,FR,44.837777777778,-0.57944444444444
Brzostek,Q776418,775110,PL,49.879166666667,21.412222222222
Yerky,Q2022712,688127,UA,48.978055555556,30.991944444444
Herálec,Q164486,3075878,CZ,49.530886486589,15.457117105231
Polska,Q36,798544,PL,52.0,19.0
Biała Podlaska,Q209932,776175,PL,52.033333333333,23.116666666667
Pilzno,Q43453,3068160,CZ,49.741388888889,13.3825
Barbastro,Q502975,6358295,ES,42.033333333333,0.11666666666667
Stróża,Q597574,3084507,PL,49.79628,19.92379
Ostrów Wielkopolski,Q52895,3089684,PL,51.65,17.7
Liberec,Q146351,3071961,CZ,50.7699972,15.0584492
Jastrzębie-Zdrój,Q107106,3097391,PL,49.95,18.583333333333
Lachowicze,Q956607,625772,BY,53.03958,26.263
Tbilisi,Q994,611716,GE,41.7225,44.7925
Tasovice nad Dyją,Q1853546,3064352,CZ,48.836135310959,16.155581881959
Region Stołeczny Brukseli,Q240,2800867,BE,50.85,4.35
Mohylów Podolski,Q997469,700918,UA,48.45,27.783333333333
Barletta,Q13470,6537546,IT,41.316666666667,16.283333333333
Newtonville,Q10336616,4945333,US,42.35,-71.2036
Witebsk,Q102217,620127,BY,55.183333333333,30.166666666667
Pokośno,Q5619188,761672,PL,53.6036,23.1906
Polanica-Zdrój,Q403100,3088496,PL,50.40373,16.51271
Dyneburg,Q80021,460413,LV,55.871388888889,26.516111111111
Jurkowo,Q6315279,3097015,PL,51.9833,16.7833
Wiener Neustadt,Q131612,2761349,AT,47.816666666667,16.25
Leesburg,Q1012089,4769125,US,39.11566,-77.5636
Bogumin,Q890949,3079129,CZ,49.90408983288,18.357595239984
Žebrák,Q393474,3061625,CZ,49.87582737845,13.897408903752
Wałbrzych,Q110732,3082707,PL,50.766666666667,16.283333333333
Kamionka Bużańska,Q1020330,707027,UA,50.108055555556,24.345555555556
Bachórz,Q1829972,776542,PL,49.83333,22.28333
Ossining,Q522356,5130059,US,41.1626,-73.8616
Bytom,Q102350,3101950,PL,50.347,18.923
Samrong Yong,Q4869028,9253814,KH,21.033333333333,105.85
Łowicz,Q109992,3093066,PL,52.1,19.933333333333
Żylina,Q25797,3056508,SK,49.216666666667,18.733333333333
Bratysława,Q1780,3060972,SK,48.144722222222,17.112777777778
Ashford,Q725261,2656955,GB,51.1465,0.8676
Tarnobrzeg,Q28516,757033,PL,50.583333333333,21.683333333333
Kytín,Q2182033,3072381,CZ,49.850698267935,14.219107555232
Ostrów Mazowiecka,Q841352,762850,PL,52.8,21.9
Tarnopol,Q156743,691650,UA,49.566666666667,25.6
Gołębie,Q5590393,771946,PL,50.64222222,24.07916667
Berno,Q70,7285212,CH,46.94798,7.44743
Meudon,Q234735,2994144,FR,48.8075,2.2402777777778
Ryga,Q1773,456172,LV,56.9475,24.106944444444
Kowal,Q992010,3094981,PL,52.5325,19.145
Floryda,Q812,4155751,US,28.133333333333,-81.631666666667
Busza,Q924960,711113,UA,48.34,28.12
Podbořany,Q1017247,3068119,CZ,50.229466858401,13.411998129955
Margonin,Q990186,3092312,PL,52.966666666667,17.083333333333
Brooklyn,Q18419,5110302,US,40.692777777778,-73.990277777778
Puszczykowo,Q50978,3087640,PL,52.281666666667,16.854166666667
Wadowice,Q212856,3082722,PL,49.883333333333,19.5
Michałkowice,Q11779429,3092061,PL,50.324361,19.007194
Pontedera,Q103219,6536839,IT,43.6625,10.632777777778
Kamieniec Podolski,Q193965,706950,UA,48.680555555556,26.580555555556
Northamptonshire,Q23115,2641429,GB,52.283333333333,-0.83333333333333
Mława,Q983868,764634,PL,53.116666666667,20.366666666667
Toronto,Q172,6167865,CA,43.670277777778,-79.386666666667
Neapol,Q2634,3172395,IT,40.833333333333,14.25
Ciechanów,Q745051,774208,PL,52.881666666667,20.610555555556
Pacific Grove,Q117514,5380437,US,36.619166666667,-121.92111111111
Vidnava,Q1025162,3062924,CZ,50.372348807006,17.18633535014
Kvasiny,Q1794829,3072449,CZ,50.212528766654,16.263302333377
Międzychód,Q556484,3091983,PL,52.601,15.889883333333
Macclesfield,Q868637,2643266,GB,53.2581,-2.1274
Fresno,Q43301,5350937,US,36.781666666667,-119.79222222222
Oflag VI B Dössel,Q824556,2935457,DE,51.5172,9.15172
Ciechanowiec,Q995159,774207,PL,52.683333333333,22.5
Łuck,Q7550,702569,UA,50.747777777778,25.324444444444
Piotrków Trybunalski,Q158004,3088972,PL,51.4,19.683333333333
Winnica,Q157144,689558,UA,49.237222222222,28.467222222222
Serock,Q569838,759470,PL,52.513055555556,21.069444444444
Fryburg,Q36378,7285870,CH,46.8,7.15
Bishopsbourne,Q866348,7284170,GB,51.230666666667,1.1333055555556
Algier,Q3561,2507480,DZ,36.776388888889,3.0586111111111
Bourdeilles,Q865494,3031068,FR,45.321944444444,0.58694444444444
Vyškov,Q954569,3062283,CZ,49.277487239217,16.998993221633
Kowel,Q156704,704617,UA,51.216666666667,24.716666666667
Nowa Wilejka,Q937667,596713,LT,54.7,25.416666666667
Śródborów,Q9395890,758475,PL,52.1042,21.3019
Tuła,Q2770,480562,RU,54.2,37.616666666667
Chotomów,Q2330083,774367,PL,52.41667,20.88333
Ełk,Q61480,772621,PL,53.816666666667,22.35
Gniezno,Q51432,3099112,PL,52.533333333333,17.6
Gorzów Wielkopolski,Q104731,3098722,PL,52.733333333333,15.25
Iława,Q8194,3097902,PL,53.596388888889,19.565555555556
Jasna Góra,Q573920,8128566,PL,50.8125,19.097222222222
Jelenia Góra,Q147934,3097257,PL,50.9,15.733333333333
Kędzierzyn-Koźle,Q605483,3096372,PL,50.333333333333,18.2
Kęty,Q773227,3096328,PL,49.9,19.216666666667
Kłodzko,Q284604,3096053,PL,50.437777777778,16.652777777778
Kwidzyn,Q326582,2873464,PL,53.735833333333,18.930833333333
Rezerwat przyrody Las Kabacki im. Stefana Starzyńskiego,Q9308795,8425866,PL,52.1161,21.0572
Lubin,Q237512,3092931,PL,51.4,16.2
Stary Łupków,Q2290846,765717,PL,49.24583,22.05972
Malbork,Q146820,7531264,PL,54.02846,19.04435
Miejsce Piastowe,Q2396786,764860,PL,49.63333333,21.78333333
Miętne,Q6885133,764791,PL,51.9225,21.57277778
Nowa Huta,Q9248441,763780,PL,50.066006,20.11439
Oława,Q924049,3090205,PL,50.933333333333,17.3
Piła,Q556200,3089033,PL,53.15,16.733333333333
Polkowice,Q246685,3088435,PL,51.501111,16.0675
Puławy,Q320007,760924,PL,51.41655,21.96939
Puszcza Niepołomicka,Q7031799,763902,PL,50.0404,20.3703
Stalowa Wola,Q751140,758445,PL,50.583333333333,22.05
Świdnik,Q387387,7531487,PL,51.233333333333,22.7
Świerk,Q9396389,757633,PL,52.1231,21.34
Trójmiasto,Q732001,7302309,PL,54.433333333333,18.55
Úherce,Q329960,3063744,CZ,50.298142318944,13.949067464896
Ursus,Q1851596,756320,PL,52.19517,20.88419
Włochy,Q38,3175395,IT,42.5,12.5
Załęże (Katowice),Q167941,3080756,PL,50.26722222,18.98916667
